TestName,ExecTime,ExecTimeWithTracing,AnalyzerTime,AnalysisTime,HBAnalysisTime,TimeToIdentifyLeaksPlusFindingPoentialPartners,TimeToIdentifyPanicBugs,ReplayTime,NumberAnalysis,NumberReplay
argo-cd,450.6714399999999,1398.4184399999992,5.560959999999994,3.71099,3.4316699999999996,0.22212,0.05153,0,0,0
bleve,519.8940799999999,4245.38777,23.15086000000003,1.82794,1.4577099999999994,0.13092999999999996,0.12169000000000006,19717.03485,0,141
bosun,157.03237000000007,953.4998100000007,0.73095,0.03754000000000001,0.028140000000000026,0.004589999999999995,0.0008700000000000008,0,0,0
go-ethereum,118.80989000000008,521.0376000000005,43.04204000000001,25.177640000000007,22.85535,2.118630000000002,0.14314,271.11499,0,85
grpc-go,81.12051999999996,523.9752000000001,2118.512900000001,617.7231899999999,112.89302,8.22777,40.12143,10519.96081,0,91
hugo,829.2183499999996,19655.368869999995,10531.336320000006,4701.421759999996,253.75478000000012,18.29917000000001,4410.615460000002,92038.90805,0,1830
moby,4630.450499999999,13741.39161000002,3212.8945000000062,701.6701100000007,268.9733,17.26532999999987,412.67018999999533,1534.6880400000007,0,64
nsq,78.33899000000002,912.7869499999997,5.084849999999999,0.84528,0.6873599999999997,0.04253999999999999,0.01433,413.46335,0,11
prometheus,1121.4405600000005,11304.477820000007,5600.436870000001,1417.2325299999993,549.5280200000001,38.81027,816.6814499999994,19323.17539,0,133
