TestName,ExecTime,ExecTimeWithTracing,AnalyzerTime,AnalysisTime,HBAnalysisTime,TimeToIdentifyLeaksPlusFindingPoentialPartners,TimeToIdentifyPanicBugs,ReplayTime,NumberAnalysis,NumberReplay
GoBench,9614.726599999998,10252.264760000007,663.8935799999998,580.2003599999999,7.05895,0.4526100000000001,0.01989999999999998,3219.1997699999997,103,27
argo-cd,8241.181059999995,26897.782369999983,2168.8935800000013,983.01717,136.68013000000002,9.691789999999987,0.8253599999999893,75679.86266000001,1918,200
beego,425.8674300000001,5026.945709999994,74.54791999999998,0.8105200000000001,0.74028,0.04536999999999993,0.015169999999999873,24.51548,609,22
connect,1279.8857399999995,2969.71813,129.66429,3.5304499999999983,3.0911299999999984,0.20575000000000007,0.11194,25735.63904999999,329,139
go-ethereum,487.77374000000015,2180.3280700000005,9392.157910000002,2440.49577,1325.71297,54.773959999999995,948.1738499999994,73070.93844000001,361,475
hugo,266.5767,5175.816729999999,1526.25813,1106.4861299999995,80.57545000000003,5.823440000000001,1013.9977999999984,81723.88321,268,168
moby,4375.011439999996,19979.101069999993,3887.95455,1214.8806300000022,138.30667000000008,8.262549999999983,1.6995699999999991,57632.62778000002,2103,239
prometheus,997.5003699999995,10254.080719999996,10894.10284999999,2937.988049999999,1287.1614700000025,95.96729000000002,1530.8858399999988,144675.3822599999,768,573
syncthing,331.7035100000002,1952.0982500000002,541.5077200000001,83.44062000000002,53.88997,3.9136100000000016,0.954049999999999,77099.43725,317,1260
