TestName,ExecTime,ExecTimeWithTracing,AnalyzerTime,AnalysisTime,HBAnalysisTime,TimeToIdentifyLeaksPlusFindingPoentialPartners,TimeToIdentifyPanicBugs,ReplayTime,NumberReplay
GoBench,9629.170090000001,12640.890090000003,1091.1158400000008,1054.399169999999,4.975269999999998,0.26820000000000005,1029.061009999998,2513.330469999999,21
argo-cd,7942.384459999996,21201.67135,3237.0695300000025,737.2238700000015,189.18222999999975,6.1808999999999985,9.641349999999914,2769273.629930001,2889
connect,1367.8009100000008,1845.9503900000004,109.42542000000005,3.468189999999999,3.152159999999999,0.06756,0.12721999999999972,126608.28076,110
etcd,1.8602499999999997,1.5262700000000002,0.7444499999999998,0,0,0,0,0,0
go-ethereum,382.52657999999985,996.22162,2819.4828500000003,432.52498,352.0538800000001,1.5758800000000002,60.0503,168068.91167,145
moby,4413.6974899999905,6408.502830000001,4777.957879999994,404.47966000000054,141.2514500000004,7.7488299999999795,203.82260000000082,247933.99911,399
prometheus,1506.6528699999997,12990.920459999994,19499.86727999998,4912.6638899999925,2787.795989999999,14.596789999999972,2025.7934599999921,929644.0127700001,1170
uber,2.11409,2.17266,0.02744,0.00991,0.00843,0.00082,0.00046,6.70782,2
